stat	ploidy	miss_pct	estimator	mean	n_windows	q025	q975	sd_value	n_reps	theoretical	se_mean	ci_lo	ci_hi
dxy	2	0	new	0.06837440675550535	102440	0.06213334065234503	0.07483782453889966	0.0032532472819079374	100000	0.07855381727658725	1.028767120258097e-5	0.0683542429199483	0.06839457059106241
dxy	2	0	new_multi	0.078565494595	102440	0.0712565	0.08604731874999999	0.0037763470557011687	100000	0.07855381727658725	1.194185793128644e-5	0.07854208855345467	0.07858890063654532
dxy	2	0	old	0.06837440687148055	102440	0.06213308347997552	0.07483782453889998	0.003253254758112206	100000	0.07855381727658725	1.0287694844414713e-5	0.0683542429895855	0.0683945707533756
dxy	2	0.1	new	0.068526335111196	21200	0.06222176705286967	0.07506295365086552	0.003297694000984288	20000	0.07855381727658725	2.3318217903741874e-5	0.06848063140410467	0.06857203881828734
dxy	2	0.1	new_multi	0.07858411295261691	21200	0.07120399525589756	0.08613635271804491	0.003828429761597709	20000	0.07855381727658725	2.7071086457221372e-5	0.07853105362316076	0.07863717228207306
dxy	2	0.1	old	0.06852633467299765	21200	0.06222176705287011	0.07506213573690294	0.0032977106651078617	20000	0.07855381727658725	2.3318335736889688e-5	0.06848063073495335	0.06857203861104195
dxy	2	0.25	new	0.06881669430925864	22610	0.062398722836457456	0.0754425750252416	0.0033403859369054646	20000	0.07855381727658725	2.3620095477660328e-5	0.06877039892212243	0.06886298969639486
dxy	2	0.25	new_multi	0.07859040445568759	22610	0.07114346492150235	0.08616735795257403	0.0038623230977235866	20000	0.07855381727658725	2.7310748535337803e-5	0.07853687538855833	0.07864393352281684
dxy	2	0.25	old	0.06881669433969653	22610	0.062397733161972294	0.07544257502524113	0.0033404157403041632	20000	0.07855381727658725	2.362030621951355e-5	0.06877039853950628	0.06886299013988678
dxy	2	0.5	new	0.06914096052707604	25090	0.06246781539273683	0.07596103060976449	0.0034317291580801598	20000	0.07855381727658725	2.4265989588740825e-5	0.0690933991874821	0.06918852186666997
dxy	2	0.5	new_multi	0.07859062450697682	25090	0.07095500609963928	0.0863364183521566	0.003940037180038568	20000	0.07855381727658725	2.786027008132393e-5	0.07853601837761742	0.07864523063633622
dxy	2	0.5	old	0.06914096101213796	25090	0.06245930016336779	0.07596103060976465	0.003431841115183688	20000	0.07855381727658725	2.426678124501189e-5	0.06909339812089774	0.06918852390337818
dxy	2	0.75	new	0.06971464809358717	27650	0.06283619837273606	0.07680464968069592	0.003560613057081974	20000	0.07855381727658725	2.5177336378440272e-5	0.06966530051428543	0.0697639956728889
dxy	2	0.75	new_multi	0.07857728862318993	27650	0.0707696928204878	0.08656363776365039	0.004042550496540817	20000	0.07855381727658725	2.8585148693930563e-5	0.07852126173174982	0.07863331551463003
dxy	2	0.75	old	0.069714646076649	27650	0.06283842735789531	0.07680464968069635	0.003560646509747984	20000	0.07855381727658725	2.5177572924510117e-5	0.06966529803371696	0.06976399411958104
dxy	4	0	new	0.06662716544241837	100000	0.06051751704785417	0.07284028633735362	0.003149461224772968	100000	0.07855381727658725	9.959470872666099e-6	0.06660764487950795	0.06664668600532879
dxy	4	0	new_multi	0.07853881188375	100000	0.071248434375	0.08592406406249999	0.003737697564011974	100000	0.07855381727658725	1.1819637507140835e-5	0.07851564539423601	0.078561978373264
dxy	4	0.1	new	0.06675105626779144	20000	0.0605698127822302	0.07295055671821984	0.00317779564753186	20000	0.07855381727658725	2.247040851594874e-5	0.06670701426710018	0.0667950982684827
dxy	4	0.1	new_multi	0.07853582155359236	20000	0.0711695803693376	0.08592400221520674	0.003756048180970177	20000	0.07855381727658725	2.6559271392274086e-5	0.0784837653816635	0.07858787772552121
dxy	4	0.25	new	0.06701811244461942	20000	0.06078918417818342	0.07331139390410288	0.003219185301742821	20000	0.07855381727658725	2.276307756758411e-5	0.06697349681258695	0.06706272807665188
dxy	4	0.25	new_multi	0.07854289696509208	20000	0.07116505318436837	0.08600616244701405	0.0037862139729463312	20000	0.07855381727658725	2.67725757529361e-5	0.07849042271661633	0.07859537121356783
dxy	4	0.5	new	0.0673260376892614	20000	0.0609268926606695	0.07380573068533244	0.0033039611454672995	20000	0.07855381727658725	2.3362533307368005e-5	0.06728024712397897	0.06737182825454384
dxy	4	0.5	new_multi	0.07855315560006143	20000	0.07100847091488277	0.08610000020910728	0.00386165967313982	20000	0.07855381727658725	2.730605741511793e-5	0.0784996357275278	0.07860667547259506
dxy	4	0.75	new	0.06787101642856554	20000	0.06123580979112675	0.07456858710588157	0.0034209948706752295	20000	0.07855381727658725	2.419008671458851e-5	0.06782360385860495	0.06791842899852613
dxy	4	0.75	new_multi	0.07855843599038839	20000	0.07087777587420066	0.08641046092052927	0.003967489444847944	20000	0.07855381727658725	2.8054386907380323e-5	0.07850344939204992	0.07861342258872686
dxy	6	0	new	0.06567903951091025	100000	0.05966779479659608	0.07180817586568497	0.0031009809190160257	100000	0.07855381727658725	9.806162684812787e-6	0.06565981943204802	0.06569825958977249
dxy	6	0	new_multi	0.07855225032388889	100000	0.07134103958333378	0.08586448541666646	0.003708137791034236	100000	0.07855381727658725	1.1726161297413686e-5	0.07852926704774596	0.07857523360003182
dxy	6	0.1	new	0.06578854288861667	20000	0.05973992614290335	0.07202112096934322	0.0031262592782172974	20000	0.07855381727658725	2.2105991353748125e-5	0.06574521514556332	0.06583187063167002
dxy	6	0.1	new_multi	0.07854986082669656	20000	0.07129606398303413	0.08590596820630271	0.003729727203900219	20000	0.07855381727658725	2.637315397853786e-5	0.07849816944489862	0.07860155220849449
dxy	6	0.25	new	0.06604494161504182	20000	0.05990333411514252	0.07234607209327303	0.0031652560708469606	20000	0.07855381727658725	2.238174031887773e-5	0.06600107340401681	0.06608880982606682
dxy	6	0.25	new_multi	0.07855451200156459	20000	0.07127453693757918	0.08597665885940166	0.003764436062963892	20000	0.07855381727658725	2.661858267464957e-5	0.07850233957952228	0.0786066844236069
dxy	6	0.5	new	0.06632278162135341	20000	0.06008859367454697	0.07279712505729911	0.0032445792556320846	20000	0.07855381727658725	2.2942639937546474e-5	0.06627781404707582	0.066367749195631
dxy	6	0.5	new_multi	0.07854595510136081	20000	0.07118892848684587	0.08612302470474528	0.003832917441158364	20000	0.07855381727658725	2.7102819143712688e-5	0.07849283357583914	0.07859907662688248
dxy	6	0.75	new	0.0668364556767508	20000	0.06036974513336115	0.07359817627799027	0.0033609542843244795	20000	0.07855381727658725	2.3765535657038193e-05	0.066789875226863	0.0668830361266386
dxy	6	0.75	new_multi	0.0785419403332953	20000	0.07099449475142318	0.08638510453499039	0.003927739591822082	20000	0.07855381727658725	2.7773313001122765e-5	0.0784875046398131	0.07859637602677749
dxy	8	0	new	0.06502731484301158	100000	0.05908000004121747	0.07117297082758653	0.0030794231158227294	100000	0.07855381727658725	9.73799092537232e-6	0.06500822838079785	0.06504640130522531
dxy	8	0	new_multi	0.078554427294375	100000	0.071360981640625	0.08593686210937498	0.0037102711400045394	100000	0.07855381727658725	1.173290753920382e-5	0.07853143079559817	0.07857742379315184
dxy	8	0.1	new	0.06512623204721975	20000	0.059133744390952626	0.07138160988718115	0.003104357706831353	20000	0.07855381727658725	2.19511238572917e-5	0.06508320784445945	0.06516925624998005
dxy	8	0.1	new_multi	0.0785333185144411	20000	0.07133851900157812	0.08594349777174204	0.0037252659476941776	20000	0.07855381727658725	2.6341608133378833e-5	0.07848168896249968	0.07858494806638253
dxy	8	0.25	new	0.06536998127250358	20000	0.05934315650065617	0.07168297775335376	0.003139096407793678	20000	0.07855381727658725	2.2196763567492413e-5	0.0653264756159113	0.06541348692909586
dxy	8	0.25	new_multi	0.07853071011622409	20000	0.0713007537728844	0.08596055864499835	0.003755349211540236	20000	0.07855381727658725	2.6554328932036553e-5	0.0784786636315173	0.07858275660093088
dxy	8	0.5	new	0.06565276475244035	20000	0.05941549389382485	0.07208168868510283	0.0032183749994249694	20000	0.07855381727658725	2.275734786494647e-5	0.06560816035062506	0.06569736915425564
dxy	8	0.5	new_multi	0.07853791633200874	20000	0.07115576103381653	0.08610770591599305	0.003824971418347877	20000	0.07855381727658725	2.7046632277585105e-5	0.07848490493274467	0.07859092773127281
dxy	8	0.75	new	0.06616006615169288	20000	0.05970936758692425	0.0727703875870668	0.003329575774722705	20000	0.07855381727658725	2.354365608780877e-5	0.06611392058576078	0.06620621171762499
dxy	8	0.75	new_multi	0.07854072913608025	20000	0.07094735656514442	0.08633084733730145	0.003916372723031904	20000	0.07855381727658725	2.7692937101098835e-5	0.07848645097936209	0.0785950072927984
fst_hudson	2	0	new	0.23694475682733188	10000	0.22028131037867527	0.25415232562857765	0.008660281953643144	10000	0.23695960499175686	8.660281953643144e-5	0.23677501530104048	0.23711449835362328
fst_hudson	2	0	new_multi	0.2356068289654682	10000	0.21924701116140174	0.2527577624212034	0.00849831567097744	10000	0.23695960499175686	8.49831567097744e-5	0.23544026197831705	0.23577339595261934
fst_hudson	2	0.1	new	0.23705128299510983	2000	0.22073885031590634	0.25444046396827735	0.008499941544693818	2000	0.23695960499175686	1.9006447098709943e-4	0.2366787566319751	0.23742380935824456
fst_hudson	2	0.1	new_multi	0.23570361028751344	2000	0.21971012752712965	0.25271672020709773	0.00835604276516672	2000	0.23695960499175686	1.8684679645808094e-4	0.2353373905664556	0.23606983000857126
fst_hudson	2	0.25	new	0.23707767785637018	2000	0.22048707118301053	0.25412771997349237	0.00853448288819522	2000	0.23695960499175686	1.908368389081325e-4	0.23670363765211025	0.23745171806063012
fst_hudson	2	0.25	new_multi	0.23570963476868165	2000	0.21983344578613057	0.25241602456262224	0.008385513964450187	2000	0.23695960499175686	1.8750579250784372e-4	0.23534212341536628	0.236077146121997
fst_hudson	2	0.5	new	0.23710877481287096	2000	0.2203333854902376	0.2545670899424115	0.008593677284248613	2000	0.23695960499175686	1.9216046584275682e-4	0.23673214029981915	0.23748540932592277
fst_hudson	2	0.5	new_multi	0.23569793234221198	2000	0.2191168559194209	0.2529199947776102	0.008449123062393432	2000	0.23695960499175686	1.889281351777291e-4	0.23532763319726363	0.23606823148716033
fst_hudson	2	0.75	new	0.23720728786899775	2000	0.22038233459712425	0.25527467375837465	0.008784857429533145	2000	0.23695960499175686	1.964353838508018e-4	0.23682227451665017	0.23759230122134534
fst_hudson	2	0.75	new_multi	0.2356858470042998	2000	0.21913433052550832	0.2528777706162263	0.008599307481725054	2000	0.23695960499175686	1.922863608855975e-4	0.23530896573696403	0.23606272827163555
fst_hudson	4	0	new	0.23677155704392197	10000	0.2211633539078265	0.25279003781234083	0.008035229849845532	10000	0.23695960499175686	8.035229849845532e-5	0.236614066538865	0.23692904754897895
fst_hudson	4	0	new_multi	0.23554685768191636	10000	0.220214135666259	0.2513283166980806	0.007865270457536544	10000	0.23695960499175686	7.865270457536544e-5	0.23539269838094865	0.23570101698288407
fst_hudson	4	0.1	new	0.23689396569487822	2000	0.22125671404512198	0.2522696206570457	0.007998790112300298	2000	0.23695960499175686	1.788583842885664e-4	0.23654340326167264	0.2372445281280838
fst_hudson	4	0.1	new_multi	0.2356570860941704	2000	0.22033835518978392	0.2505160885318737	0.007804256976643724	2000	0.23695960499175686	1.7450849113652354e-4	0.23531504945154283	0.235999122736798
fst_hudson	4	0.25	new	0.23691709133129615	2000	0.22100145153230616	0.252630416555504	0.008063220806829002	2000	0.23695960499175686	1.8029909841660348e-4	0.2365637050983996	0.2372704775641927
fst_hudson	4	0.25	new_multi	0.23566879459816026	2000	0.2203360296618515	0.2509182522885146	0.007868714531439194	2000	0.23695960499175686	1.7594980587838443e-4	0.23532393297863863	0.2360136562176819
fst_hudson	4	0.5	new	0.23693586939737682	2000	0.2213264690749973	0.2521905408132488	0.008135907052239072	2000	0.23695960499175686	1.8192441227426497e-4	0.23657929754931925	0.2372924412454344
fst_hudson	4	0.5	new_multi	0.23564936613191967	2000	0.2205858272521571	0.2508035222608697	0.00791479075339353	2000	0.23695960499175686	1.7698010152274705e-4	0.23530248513293509	0.23599624713090425
fst_hudson	4	0.75	new	0.23694498932370933	2000	0.221359305775149	0.25279177878654524	0.008239994358991032	2000	0.23695960499175686	1.842518752091875e-4	0.2365838556482993	0.23730612299911935
fst_hudson	4	0.75	new_multi	0.2356310597181096	2000	0.21980597331212579	0.25080284768251576	0.008038731196088873	2000	0.23695960499175686	1.797514940730291e-4	0.23527874678972646	0.23598337264649275
fst_hudson	6	0	new	0.23683282421383914	10000	0.2219008400707766	0.2522548752486137	0.007766424352001529	10000	0.23695960499175686	7.766424352001529e-5	0.23668060229653992	0.23698504613113835
fst_hudson	6	0	new_multi	0.23566207284918442	10000	0.22104323542580923	0.25064761183134654	0.007614602888144688	10000	0.23695960499175686	7.614602888144688e-5	0.23551282663257678	0.23581131906579206
fst_hudson	6	0.1	new	0.23694264307755217	2000	0.22298948501094804	0.25250820533107426	0.007629863962867355	2000	0.23695960499175686	1.7060894480047336e-4	0.23660824954574325	0.23727703660936109
fst_hudson	6	0.1	new_multi	0.23574279590294736	2000	0.22192704113499345	0.25066888173045454	0.0074519819356230485	2000	0.23695960499175686	1.6663138175153597e-4	0.23541619839471434	0.23606939341118038
fst_hudson	6	0.25	new	0.2369446372001868	2000	0.2227593834616879	0.25236200379830637	0.007643540692485055	2000	0.23695960499175686	1.70914765771824e-4	0.23660964425927403	0.23727963014109957
fst_hudson	6	0.25	new_multi	0.2357316992934903	2000	0.2221445386595174	0.2506971379280469	0.007466187793741179	2000	0.23695960499175686	1.6694903439584455e-4	0.23540447918607446	0.23605891940090615
fst_hudson	6	0.5	new	0.2368845564519832	2000	0.22250768814785182	0.25269712402513766	0.007702580925860692	2000	0.23695960499175686	1.7223494552417773e-4	0.23654697595875582	0.23722213694521058
fst_hudson	6	0.5	new_multi	0.23567430770099007	2000	0.2218051082060801	0.2509704815879921	0.007519122457952897	2000	0.23695960499175686	1.681326894712798e-4	0.23534476762962636	0.23600384777235378
fst_hudson	6	0.75	new	0.23686937658014595	2000	0.22270201979735788	0.25266170906147023	0.00777874435780557	2000	0.23695960499175686	1.73938011636462e-4	0.2365284580773385	0.2372102950829534
fst_hudson	6	0.75	new_multi	0.2356587314531948	2000	0.22217258113401925	0.25079540096204994	0.00759255016492105	2000	0.23695960499175686	1.6977458291340706e-4	0.23532597327068452	0.23599148963570507
fst_hudson	8	0	new	0.2368065959468593	10000	0.22184216820088212	0.25223377904971644	0.0077339315123947806	10000	0.23695960499175686	7.733931512394781e-5	0.23665501088921637	0.23695818100450222
fst_hudson	8	0	new_multi	0.23562034392612694	10000	0.22094884378047844	0.250753374951039	0.00756185218140504	10000	0.23695960499175686	7.56185218140504e-5	0.23547213162337138	0.2357685562288825
fst_hudson	8	0.1	new	0.2366393664019605	2000	0.2214915620941637	0.251793923134093	0.007702668156053302	2000	0.23695960499175686	1.7223689605058143e-4	0.23630178208570138	0.23697695071821964
fst_hudson	8	0.1	new_multi	0.2354441334550503	2000	0.2204935062770506	0.25032679400332536	0.007544102878455717	2000	0.23695960499175686	1.6869126865478814e-4	0.23511349856848693	0.23577476834161368
fst_hudson	8	0.25	new	0.23665486159425256	2000	0.22150182932205964	0.2525103973316517	0.0077514942202601455	2000	0.23695960499175686	1.7332868003698413e-4	0.23631513738138007	0.23699458580712504
fst_hudson	8	0.25	new_multi	0.23545231673039238	2000	0.22073873229703617	0.2504344290192102	0.007591632736987083	2000	0.23695960499175686	1.69754068601159e-4	0.2351195987559341	0.23578503470485065
fst_hudson	8	0.5	new	0.2366658771667356	2000	0.22156021932007072	0.2519947259922784	0.007763464958458493	2000	0.23695960499175686	0.00017359635388050773	0.2363256283131298	0.23700612602034138
fst_hudson	8	0.5	new_multi	0.235469610634988	2000	0.2207641288244738	0.25046511203645105	0.007592937331946532	2000	0.23695960499175686	1.697832402312833e-4	0.2351368354841347	0.2358023857858413
fst_hudson	8	0.75	new	0.2367447014693058	2000	0.22121547977004286	0.2526722340607291	0.007863920671945976	2000	0.23695960499175686	1.7584261192137027e-4	0.2364000499499399	0.23708935298867168
fst_hudson	8	0.75	new_multi	0.2354971819726551	2000	0.22026354406155255	0.25051362409886346	0.007679443641827316	2000	0.23695960499175686	1.7171758012504424e-4	0.23516061551561002	0.23583374842970017
fst_wc	2	0	new	0.23654512627338825	102440	0.188039639687447	0.29150137679181265	0.026428520473573473	100000	0.23695960499175686	8.357431988488403e-5	0.23638132060641387	0.23670893194036263
fst_wc	2	0	new_multi	0.23655546738393232	102440	0.1880495408115905	0.2914832704834175	0.026427388187170824	100000	0.23695960499175686	8.357073928088801e-5	0.23639166873494177	0.23671926603292287
fst_wc	2	0	old	0.2365451349517657	102440	0.18803963968744764	0.29150137679181737	0.02642844482127662	100000	0.23695960499175686	8.357408065131574e-5	0.23638132975368914	0.23670894014984228
fst_wc	2	0	vcftools	0.23529190066	102440	0.187721875	0.28904202500000004	0.02591005855298544	100000	0.23695960499175686	8.193479933576048e-5	0.2351313084533019	0.2354524928666981
fst_wc	2	0.1	new	0.23661566934621053	42400	0.18798130770801277	0.2919304732192951	0.026594833242761233	40000	0.23695960499175686	1.3297416621380618e-4	0.23635503998043147	0.2368762987119896
fst_wc	2	0.1	new_multi	0.23662750549342945	42400	0.18801094895562975	0.29213970551191676	0.026593920358488957	40000	0.23695960499175686	1.329696017924448e-4	0.23636688507391626	0.23688812591294264
fst_wc	2	0.1	old	0.23661567622864527	42400	0.18798130770801755	0.2919304732192915	0.02659490887759432	40000	0.23695960499175686	1.329745443879716e-4	0.23635504612164485	0.2368763063356457
fst_wc	2	0.1	vcftools	0.2353523554	21200	0.18797629999999999	0.28985487499999996	0.02607115087263472	20000	0.23695960499175686	1.8435087575377585e-4	0.2349910276835226	0.2357136831164774
fst_wc	2	0.25	new	0.23663407754051025	45220	0.18770946494286903	0.292974113694692	0.026729760894326132	40000	0.23695960499175686	1.3364880447163066e-4	0.23637212588374584	0.23689602919727465
fst_wc	2	0.25	new_multi	0.23665039094786203	45220	0.18775264852784376	0.29301712345145875	0.026730839335807957	40000	0.23695960499175686	1.3365419667903979e-4	0.23638842872237112	0.23691235317335294
fst_wc	2	0.25	old	0.23663407135155431	45220	0.18770946494286425	0.2929741136946959	0.026729995633871684	40000	0.23695960499175686	1.3364997816935843e-4	0.23637211739434238	0.23689602530876624
fst_wc	2	0.25	vcftools	0.2353506679	22610	0.18767370000000003	0.29024247499999994	0.02620046380739272	20000	0.23695960499175686	1.85265256284401e-4	0.23498754799768257	0.23571378780231744
fst_wc	2	0.5	new	0.23666048833896966	50180	0.18722614615761102	0.2934720450560825	0.026951597505170215	40000	0.23695960499175686	0.00013475798752585108	0.236396362683419	0.23692461399452033
fst_wc	2	0.5	new_multi	0.23668342986607036	50180	0.18730782291271747	0.29331082624729854	0.026955240384930232	40000	0.23695960499175686	1.3477620192465115e-4	0.23641926851029804	0.23694759122184267
fst_wc	2	0.5	old	0.23666043419098118	50180	0.1872261461576158	0.29347204505607993	0.026952542153439975	40000	0.23695960499175686	1.3476271076719987e-4	0.23639629927787748	0.23692456910408488
fst_wc	2	0.5	vcftools	0.2353330442	25090	0.18701737499999999	0.29050422499999995	0.02640521162399559	20000	0.23695960499175686	1.867130419799313e-4	0.23496708663771934	0.23569900176228067
fst_wc	2	0.75	new	0.2367308864436321	55300	0.18622511941263675	0.29410314216208355	0.02739204959786127	40000	0.23695960499175686	1.3696024798930635e-4	0.23646244435757308	0.23699932852969113
fst_wc	2	0.75	new_multi	0.23676254302479496	55300	0.1862361510894495	0.29402763372991175	0.02739528040991885	40000	0.23695960499175686	1.3697640204959424e-4	0.23649406927677777	0.23703101677281216
fst_wc	2	0.75	old	0.23673075552218414	55300	0.18624074116006334	0.2941565045616536	0.02739247749062842	40000	0.23695960499175686	1.369623874531421e-4	0.23646230924277598	0.2369992018015923
fst_wc	2	0.75	vcftools	0.23529224225	27650	0.18621765	0.291697175	0.026779664656513543	20000	0.23695960499175686	1.8936082476522442e-4	0.23492109503346018	0.23566338946653984
pi	2	0	new	0.03385137596471723	120650	0.029256032867098228	0.038527778366577	0.002366425643615907	120000	0.0359721300184811	6.8312824117943864e-6	0.033837986651190116	0.03386476527824435
pi	2	0	new_multi	0.03597996582894737	120650	0.030989473684211	0.041071578947368	0.0025699237044781373	120000	0.0359721300184811	7.418730712886264e-6	0.03596542511675011	0.03599450654114463
pi	2	0	old	0.03384862244625704	100650	0.029243341104312266	0.038546044131413375	0.0023701983306843033	100000	0.0359721300184811	7.495225231291357e-6	0.03383393180480371	0.03386331308771037
pi	2	0	vcftools	0.035977173082	100650	0.0309773725	0.0410884125	0.0025736516006976233	100000	0.0359721300184811	8.138600961942684e-6	0.03596122142411459	0.035993124739885404
pi	2	0.1	new	0.03386715202120908	20940	0.0292881197746133	0.038501726544789276	0.002359266552322433	20000	0.0359721300184811	1.668253377773799e-5	0.03383445425500471	0.03389984978741345
pi	2	0.1	new_multi	0.03599546862585749	20940	0.03103975113424935	0.040998519436721545	0.0025627372220032906	20000	0.0359721300184811	1.8121288680777015e-5	0.03595995090004316	0.03603098635167181
pi	2	0.1	old	0.03386715192969627	20940	0.029288119774612945	0.038501726544789276	0.0023592712538638783	20000	0.0359721300184811	1.668256702265637e-5	0.03383445409833186	0.033899849761060676
pi	2	0.1	vcftools	0.034195691745	20940	0.0295025625	0.038963225000000004	0.002435694933020285	20000	0.0359721300184811	1.7222964040403572e-5	0.034161934735480806	0.03422944875451919
pi	2	0.25	new	0.03394645385435147	22380	0.029320565898844072	0.03862207894436112	0.0023892220355163666	20000	0.0359721300184811	1.689435103073949e-5	0.03391334092633122	0.033979566782371726
pi	2	0.25	new_multi	0.03600175220434443	22380	0.031013220894359872	0.041064439380311936	0.002586406827455888	20000	0.0359721300184811	1.828865806601243e-5	0.035965906434535046	0.03603759797415381
pi	2	0.25	old	0.03394645358381739	22380	0.02932056589884362	0.03862207894436092	0.0023892083892917315	20000	0.0359721300184811	1.689425453735972e-5	0.033913340844924166	0.03397956632271062
pi	2	0.25	vcftools	0.026051309235	22380	0.022400385000000002	0.029791437499999997	0.0019027670392845007	20000	0.0359721300184811	1.3454594764963202e-5	0.026024938229260674	0.026077680240739327
pi	2	0.5	new	0.03402378677721409	24940	0.029250610950917	0.03886585693779647	0.002450523499949191	20000	0.0359721300184811	1.732781784271065e-5	0.03398982425424238	0.034057749300185805
pi	2	0.5	new_multi	0.03599773918295385	24940	0.03085613545574202	0.04121123484567918	0.002641217251190965	20000	0.0359721300184811	1.8676226289040243e-5	0.03596113377942733	0.03603434458648037
pi	2	0.5	old	0.03402378616877648	24940	0.029250610950916696	0.038866850665644444	0.002450480673211756	20000	0.0359721300184811	1.7327515011946086e-5	0.03398982423935307	0.03405774809819989
pi	2	0.5	vcftools	0.017620117675	24940	0.015055935000000001	0.020260327499999998	0.0013287437257088084	20000	0.0359721300184811	9.395636989077762e-6	0.017601702226501408	0.017638533123498595
pi	2	0.75	new	0.03421522925463033	27540	0.029235149824389926	0.039245714626204	0.002542442622831845	20000	0.0359721300184811	1.7977784193821093e-5	0.03417999279761044	0.03425046571165022
pi	2	0.75	new_multi	0.0359933849522504	27540	0.030678735401668725	0.04136942649472235	0.0027206005673030276	20000	0.0359721300184811	1.923755110039939e-5	0.035955679352093615	0.036031090552407184
pi	2	0.75	old	0.03421522973889221	27540	0.02923851721752089	0.039237804835746196	0.0025424518224415518	20000	0.0359721300184811	1.7977849244885174e-5	0.034179993154372236	0.034250466323412186
pi	2	0.75	vcftools	0.00823857195	27540	0.0069796275	0.00952670875	6.485958707155504e-4	20000	0.0359721300184811	4.5862653843255895e-6	0.008229582869846723	0.008247561030153278
pi	4	0	new	0.033330951969637174	120000	0.0289691922044842	0.03780138523599487	0.002253794849147127	120000	0.0359721300184811	6.506145314266429e-6	0.03331819992482121	0.033343704014453135
pi	4	0	new_multi	0.0359756113525641	120000	0.03116971794871835	0.040909871794872	0.002481098835713194	120000	0.0359721300184811	7.162315403425399e-6	0.035961573214373384	0.03598964949075482
pi	4	0.1	new	0.033323137391787126	20000	0.02894154038887315	0.037829591909069614	0.002262518625031811	20000	0.0359721300184811	1.599842262320857e-5	0.03329178048344564	0.033354494300128615
pi	4	0.1	new_multi	0.03596646612749621	20000	0.031156978270981975	0.04093143038653039	0.002491907798717045	20000	0.0359721300184811	1.7620449025644646e-5	0.03593193004740595	0.03600100220758647
pi	4	0.25	new	0.03339239893572419	20000	0.028951356701585874	0.03797272635007154	0.002289478572160644	20000	0.0359721300184811	1.618905823756086e-5	0.03336066838157857	0.03342412948986981
pi	4	0.25	new_multi	0.035965805154568924	20000	0.031099202676517147	0.04097926955729047	0.002517602078428292	20000	0.0359721300184811	1.7802135019859913e-5	0.03593091296993	0.03600069733920785
pi	4	0.5	new	0.03347175237177971	20000	0.028959883175098323	0.03814431508730749	0.0023386197689631875	20000	0.0359721300184811	1.653653897250787e-5	0.03343934075539359	0.03350416398816583
pi	4	0.5	new_multi	0.03596750223279386	20000	0.031026668636203878	0.04103704875922126	0.0025613268632621194	20000	0.0359721300184811	1.8111315938479134e-5	0.03593200405355444	0.036003000412033276
pi	4	0.75	new	0.03365931406850493	20000	0.02896690239772885	0.03845249681790974	0.002417146705833315	20000	0.0359721300184811	1.7091808268174622e-5	0.033625814124299304	0.03369281401271055
pi	4	0.75	new_multi	0.0359682805388736	20000	0.03083995695650835	0.041166476430966645	0.002623150503590729	20000	0.0359721300184811	1.8548475091619114e-5	0.035931925527694024	0.03600463555005317
pi	6	0	new	0.0330315701270276	100000	0.0286984163325494	0.037453031692710755	0.0022273715352327614	100000	0.0359721300184811	7.043567246761507e-6	0.03301776473522395	0.03304537551883125
pi	6	0	new_multi	0.03596597963220339	100000	0.031163944915254347	0.0408509180790958	0.002468493884290916	100000	0.0359721300184811	7.806063064555432e-6	0.03595067974859686	0.03598127951580992
pi	6	0.1	new	0.03301764930971581	20000	0.028660526881020897	0.037462545968059625	0.0022392882952661777	20000	0.0359721300184811	1.583415938614378e-5	0.03298661435731897	0.03304868426211265
pi	6	0.1	new_multi	0.03594769804121159	20000	0.031087963678193872	0.040909796156043544	0.0024777361536554073	20000	0.0359721300184811	1.752024036240812e-5	0.03591335837010127	0.03598203771232191
pi	6	0.25	new	0.033085898421715505	20000	0.028665165332395322	0.03759330801183724	0.002268615692380027	20000	0.0359721300184811	1.6041535399881315e-5	0.033054457012331735	0.033117339831099275
pi	6	0.25	new_multi	0.0359493601129383	20000	0.03109757777654065	0.04097470904602529	0.0025025640011641366	20000	0.0359721300184811	1.7695799755765e-5	0.035914676345417	0.035984043880459594
pi	6	0.5	new	0.03316587935202894	20000	0.028658749620385324	0.037813131443562596	0.0023214440366396624	20000	0.0359721300184811	1.6415088204529775e-5	0.033133705779148065	0.03319805292490982
pi	6	0.5	new_multi	0.03595263197079568	20000	0.03100283931542785	0.0410413856787786	0.0025474172140419766	20000	0.0359721300184811	1.8012959865604243e-5	0.0359173265694591	0.03598793737213226
pi	6	0.75	new	0.033342827362661316	20000	0.028683993239652174	0.038157904704182594	0.0023956724665540148	20000	0.0359721300184811	1.6939962466022464e-5	0.03330962503622791	0.03337602968909472
pi	6	0.75	new_multi	0.03594990366503883	20000	0.030875594813796876	0.04116549674380652	0.002613396850926081	20000	0.0359721300184811	1.8479506352214007e-5	0.035913683832588486	0.03598612349748917
pi	8	0	new	0.03283192082961758	100000	0.0285742369259473	0.0371625083757701	0.002200077101381091	100000	0.0359721300184811	6.957254668345426e-6	0.03281828461046762	0.032845557048767536
pi	8	0	new_multi	0.03596809354462025	100000	0.031225340981012824	0.04081880933544262	0.0024482363097924546	100000	0.0359721300184811	7.74200298926975e-6	0.03595291921876128	0.03598326787047922
pi	8	0.1	new	0.03280182512163803	20000	0.028496217034546224	0.037200722618258124	0.00221991517459266	20000	0.0359721300184811	1.5697170736133885e-5	0.03277105866699521	0.03283259157628086
pi	8	0.1	new_multi	0.03593359783139624	20000	0.0311467418827846	0.040813572857353694	0.002466378055717416	20000	0.0359721300184811	1.7439926481674772e-5	0.03589941557549216	0.035967780087300324
pi	8	0.25	new	0.03286902150224718	20000	0.028522236253436598	0.03731950263397582	0.0022422499657070993	20000	0.0359721300184811	1.5855101558667935e-5	0.03283794550319219	0.03290009750130217
pi	8	0.25	new_multi	0.035934949747703705	20000	0.031113465040033327	0.040881445357110496	0.0024862491160275333	20000	0.0359721300184811	1.7580436096621282e-5	0.03590049209295433	0.03596940740245308
pi	8	0.5	new	0.032942441156492815	20000	0.0285212442854528	0.03749215575782112	0.002294476794324428	20000	0.0359721300184811	1.6224401005419743e-5	0.03291064133052219	0.03297424098246344
pi	8	0.5	new_multi	0.03593384286411294	20000	0.031021858221543398	0.04092093640636704	0.0025331969221927485	20000	0.0359721300184811	1.7912407217633834e-5	0.03589873454596638	0.035968951182259505
pi	8	0.75	new	0.03312083622952522	20000	0.028567675340144726	0.037810550796213226	0.0023576491551642455	20000	0.0359721300184811	1.6671097052753726e-5	0.033088160879301824	0.033153511579748614
pi	8	0.75	new_multi	0.035932781930228086	20000	0.03092306429252365	0.04104792180606164	0.002585771874422563	20000	0.0359721300184811	1.828416827005644e-5	0.03589694496041877	0.0359686189000374
